Nom,Prenom,email,Identifiant,actif
ali,selim,aaa@gmail.com,sdm,$2y$10$15mDuGs1yeCIdVjhNS61E..2hVujPYJtBJHI5jOQSnbBktXKg/ezW
stfu,stfi,qkd@gmail.com,cba,$2y$10$hYQCHv2qPpzSaC2xOmFuWuwcdYtcxS2ecpvqZxHe6V7GogxjpKPPy
stfu,stfi,qkd@gmail.com,cba,$2y$10$W2C5OpCQONMK/uMi09jUm.Keu1gNezqr2bZ2J9jsXSPDdgUWtohFy
ooo,ooo,ecole@e,ecole,$2y$10$rqE71JnPMgguubTdlTp9.u.1lp74wiiO6M/k3qksRdPM2zFlPAffutturbain,towanou,ecole@e,ecolee,$2y$10$rbmp/wQLKy4RVwm8FQa2PeaXKPiVrHl/p95SATnkzlBg/C9QqX.MS
d,d,d,d,$2y$10$QmHlEIf20V.ZDOy8f6s84OvWwpilu0YH14UCxdLbLai0Y5/8kZurO
ooo,ooo,ecole@e,ecole,$2y$10$rqE71JnPMgguubTdlTp9.u.1lp74wiiO6M/k3qksRdPM2zFlPAffu
ff,ff,ff,ff,$2y$10$Eu/rDexbZeOht1wTEdLTx.jb6W9Eb9FtqcEK3ukbLEVi6lfy5ng.O
zzz,zzz,zzz,zzz,$2y$10$H80V9F4ap7Cs1s.S5ZvjBu6poKNmO9PwoqPKj8PXF2vXyaIQRK.yW
a,a,a,a,$2y$10$lerE7MVlVRcUc4smzvtKdOwnCPGDclVcjUUeoq9Tzt1v1ayEc0HNy
a,a,a,a,$2y$10$LLXfqPBd7/NNIXkDgCVzbut7vtM3e.i4VycwYpO0mzvsY5KGYWKBi
z,z,z,z,$2y$10$2K0mauxs8zPrCLrKUXZld.wAYj8ULOoHCj4yBOidW53rapdwKkI6C
rrr,rrr,rrr,rrr,$2y$10$ldn/A6DS43tHli8jEm8fruEncLR0BikL8oNfjFp5ByqJZ.wacH4/6
Marliangeas,Ryan,test@outlook.fr,Ryan09,$2y$10$KDSQBUFsHbrc8iBk7Zfc..jgKhg4v25/5MpMxgCkSQp0ZgATHR5ne

hhh,hhh,hhh,hhh,$2y$10$/H4HRAUnHxRLQvNiPFwUxuTk76TP5Ii8IGwiDk9ulYMtIj/QwWvda
ab,ab,ab,ab,$2y$10$rl1.nCri8fpzrnQDCNI/muV9GDw7f4Pui6UDTLsmGMxfvkIOFixjK
az,az,az,az,$2y$10$r6Jr6km2cWefD8KuDPhakOYTvQZ/OyxyCEURV5w9iRwjGtxVwX2HG
